{
  "_comment": "Regenerate with `scripts/check.py --bless`. Do this only when a change is *meant* to move these numbers, and say so in the commit message.",
  "config": {
    "steps": 200,
    "seed": 0,
    "n_max": 2048,
    "n_init": 400
  },
  "metrics": {
    "population": 1549.0,
    "mean_energy": 9.960689544677734,
    "mean_water": 4.125027656555176,
    "mean_age": 107.72949981689453,
    "plant_total": 11223.7099609375,
    "fruit_total": 38.96634292602539,
    "mean_diet": 0.08030477911233902,
    "carnivore_frac": 0.005164622329175472,
    "mean_size": 1.0023151636123657,
    "mean_invest": 0.4917805790901184
  }
}
