{
  "_comment": "Regenerate with `scripts/check.py --bless`. Do this only when a change is *meant* to move these numbers, and say so in the commit message.",
  "config": {
    "steps": 200,
    "seed": 0,
    "n_max": 2048,
    "n_init": 400
  },
  "metrics": {
    "population": 1520.0,
    "mean_energy": 10.133824348449707,
    "mean_water": 4.315461158752441,
    "mean_age": 108.80132293701172,
    "plant_total": 11175.23046875,
    "fruit_total": 44.18973922729492,
    "mean_diet": 0.08003033697605133,
    "carnivore_frac": 0.005263158120214939,
    "mean_size": 1.0069304704666138,
    "mean_invest": 0.4973508417606354
  }
}
