{
  "_comment": "Regenerate with `scripts/check.py --bless`. Do this only when a change is *meant* to move these numbers, and say so in the commit message.",
  "config": {
    "steps": 200,
    "seed": 0,
    "n_max": 2048,
    "n_init": 400
  },
  "metrics": {
    "population": 1517.0,
    "mean_energy": 9.963651657104492,
    "mean_water": 4.208221912384033,
    "mean_age": 105.85826873779297,
    "plant_total": 10942.697265625,
    "fruit_total": 29.17675018310547,
    "mean_diet": 0.08379773795604706,
    "carnivore_frac": 0.009887936525046825,
    "mean_size": 0.9835747480392456,
    "mean_invest": 0.49761563539505005
  }
}
