{
  "_comment": "Regenerate with `scripts/check.py --bless`. Do this only when a change is *meant* to move these numbers, and say so in the commit message.",
  "config": {
    "steps": 200,
    "seed": 0,
    "n_max": 2048,
    "n_init": 400
  },
  "metrics": {
    "population": 1575.0,
    "mean_energy": 10.2542142868042,
    "mean_water": 4.258294105529785,
    "mean_age": 107.22222137451172,
    "plant_total": 10912.3583984375,
    "fruit_total": 30.209985733032227,
    "mean_diet": 0.08103398233652115,
    "carnivore_frac": 0.005079364869743586,
    "mean_size": 0.9855790734291077,
    "mean_invest": 0.493762731552124
  }
}
