{
  "_comment": "Regenerate with `scripts/check.py --bless`. Do this only when a change is *meant* to move these numbers, and say so in the commit message.",
  "config": {
    "steps": 200,
    "seed": 0,
    "n_max": 2048,
    "n_init": 400
  },
  "metrics": {
    "population": 1474.0,
    "mean_energy": 10.157712936401367,
    "mean_water": 4.040712833404541,
    "mean_age": 108.84192657470703,
    "plant_total": 11397.73046875,
    "fruit_total": 39.29282760620117,
    "mean_diet": 0.0785624161362648,
    "carnivore_frac": 0.003392130369320512,
    "mean_size": 1.0051558017730713,
    "mean_invest": 0.49399444460868835
  }
}
