{
  "_comment": "Regenerate with `scripts/check.py --bless`. Do this only when a change is *meant* to move these numbers, and say so in the commit message.",
  "config": {
    "steps": 200,
    "seed": 0,
    "n_max": 2048,
    "n_init": 400
  },
  "metrics": {
    "population": 1494.0,
    "mean_energy": 9.918061256408691,
    "mean_water": 4.239233493804932,
    "mean_age": 106.64189910888672,
    "plant_total": 11409.529296875,
    "fruit_total": 32.07637023925781,
    "mean_diet": 0.08945786952972412,
    "carnivore_frac": 0.017402945086359978,
    "mean_size": 1.0029795169830322,
    "mean_invest": 0.4949587881565094
  }
}
