{
  "_comment": "Regenerate with `scripts/check.py --bless`. Do this only when a change is *meant* to move these numbers, and say so in the commit message.",
  "config": {
    "steps": 200,
    "seed": 0,
    "n_max": 2048,
    "n_init": 400
  },
  "metrics": {
    "population": 1555.0,
    "mean_energy": 10.031416893005371,
    "mean_water": 4.153181552886963,
    "mean_age": 106.08939361572266,
    "plant_total": 10627.6962890625,
    "fruit_total": 34.38665008544922,
    "mean_diet": 0.09186048805713654,
    "carnivore_frac": 0.01929260604083538,
    "mean_size": 0.977480411529541,
    "mean_invest": 0.49807360768318176
  }
}
